date,type,item,quantity
2026-10-05,Americano,coffee,10
2026-10-05,Canned,coffee,1
2026-10-05,Cold brew,coffee,5
2026-10-05,Cosmic Crisp,apple,16
2026-10-05,Drip,coffee,43
2026-10-05,French press,coffee,12
2026-10-05,Honeycrisp,apple,7
2026-10-05,Latte,coffee,5
2026-10-05,Pink Lady,apple,10
2026-10-05,Pour over,coffee,2
2026-10-05,SugarBee,apple,3
2026-10-05,Sweetie,apple,4
2026-10-06,Americano,coffee,11
2026-10-06,Cold brew,coffee,6
2026-10-06,Cosmic Crisp,apple,17
2026-10-06,Cripps Pink,apple,1
2026-10-06,Drip,coffee,44
2026-10-06,Fuji,apple,2
2026-10-06,Honeycrisp,apple,8
2026-10-06,Sweetie,apple,5
